{"books": [
           {
           "author": "Dr. Miltiadis A. Boboulos",
           "book_title": "Automation and Robotics",
           "book_description": "In this book we are dealing with series part production featured by a medium complexity degree and a medium number of individual components and assembly technique alternatives.",
           "book_image": "Automation and Robotics_page1.jpeg",
           "pdf_file": "Automation and Robotics.pdf",
           "epub_file": null
           },
           {
           "author": "Steve Bark",
           "book_title": "An Introduction to Adobe Photoshop",
           "book_description": "This is the first in a series of books on Adobe Photoshop. Together, they will give the reader a good foundation in some of the major features of this ground breaking and industry changing_",
           "book_image": "An Introduction to Adobe Photoshop_page1.jpeg",
           "pdf_file": "An Introduction to Adobe Photoshop.pdf",
           "epub_file": null
           },
           {
           "author": "Torben Lage Frandsen",
           "book_title": "Microsoft Office Excel 2007",
           "book_description": "Nothing is difficult once you have learned it. That applies to Microsoft Office Excel 2007 as well, and once you have learned it, you will be able to do things you never dreamed of!",
           "book_image": "Microsoft Office Excel 2007_page1.jpeg",
           "pdf_file": "Microsoft Office Excel 2007.pdf",
           "epub_file": null
           },
           {
           "author": "Kjell B„ckman",
           "book_title": "Structured Programming with C++",
           "book_description": "Structured Programming with C++ is intended as course material for the course Structured Programming with C/C++ at university level.",
           "book_image": "Structured Programming with C++_page1.jpeg",
           "pdf_file": "Structured Programming with C++.pdf",
           "epub_file": null
           },
           {
           "author": "Christopher C. Tisdell",
           "book_title": "Introduction to Complex Numbers",
           "book_description": "This ebook makes learning ",
           "book_image": "Introduction to Complex Numbers_page1.jpeg",
           "pdf_file": "Introduction to Complex Numbers.pdf",
           "epub_file": null
           },
           {
           "author": "Torben Lage Frandsen",
           "book_title": "Microsoft Office Word",
           "book_description": "In the world of word processing programs, there_s Microsoft Word, and everything else.",
           "book_image": "Microsoft Office Word_page1.jpeg",
           "pdf_file": "Microsoft Office Word.pdf",
           "epub_file": null
           },
           {
           "author": "Steve Bark",
           "book_title": "Adobe Photoshop for Intermediate Users",
           "book_description": "Improve your skills in Photoshop with this guide for intermediate users.",
           "book_image": "Adobe Photoshop for Intermediate Users_page1.jpeg",
           "pdf_file": "Adobe Photoshop for Intermediate Users.pdf",
           "epub_file": null
           },
           {
           "author": "Pert Mason",
           "book_title": "Windows 8.1",
           "book_description": "This book is for anyone with very little or no experience in using the operating system Windows 8.1.",
           "book_image": "Windows 8.1_page1.jpeg",
           "pdf_file": "Windows 8.1.pdf",
           "epub_file": null
           },
           {
           "author": "Hugh Darwen",
           "book_title": "Exercises on Relational Database Theory",
           "book_description": "This is the exercise book, with solutions, to accompany An Introduction to Relational Database Theory by the same author.",
           "book_image": "An Introduction to Relational Database Theory_page1.jpeg",
           "pdf_file": "An Introduction to Relational Database Theory.pdf",
           "epub_file": null
           },
           {
           "author": "Arun Sukumar; Jayne Revill; Lucian Tipi",
           "book_title": "Applied Business Analysis",
           "book_description": "This textbook is a basic introduction to business analysis and the techniques behind deriving information from data.",
           "book_image": "Applied Business Analysis_page1.jpeg",
           "pdf_file": "Applied Business Analysis.pdf",
           "epub_file": null
           },
           {
           "author": "Priya Kanwar; Varinder Taprial",
           "book_title": "Google Beyond google",
           "book_description": "The term ",
           "book_image": "Google Beyond google_page1.jpeg",
           "pdf_file": "Google Beyond google.pdf",
           "epub_file": null
           },
           {
           "author": "Howard Gould",
           "book_title": "Systems Analysis and Design",
           "book_description": "This book concisely introduces systems analysis and design principles and techniques which are used for building information systems. Numerous practical exercises with feedback are included.",
           "book_image": "Systems Analysis and Design_page1.jpeg",
           "pdf_file": "Systems Analysis and Design.pdf",
           "epub_file": null
           },
           {
           "author": "William John Teahan",
           "book_title": "Artificial Intelligence _ Agent Behaviour",
           "book_description": "This book is the second in a series on Artificial Intelligence. It adopts a behaviour-based approach to the design of agent-oriented systems.",
           "book_image": "Artificial Intelligence _ Agent Behaviour_page1.jpeg",
           "pdf_file": "Artificial Intelligence _ Agent Behaviour.pdf",
           "epub_file": null
           },
           {
           "author": "Hossein Hassani",
           "book_title": "How to do the Final Year Projects",
           "book_description": "Every year, many Computer Science and IT students need to prepare themselves for their final year projects.",
           "book_image": "How to do the Final Year Projects_page1.jpeg",
           "pdf_file": "How to do the Final Year Projects.pdf",
           "epub_file": null
           },
           {
           "author": "Geoffrey Sampson",
           "book_title": "Law for Computing Students",
           "book_description": "Anyone hoping for an IT career needs to know something of how the IT industry is affected by the law.",
           "book_image": "Law for Computing Students_page1.jpeg",
           "pdf_file": "Law for Computing Students.pdf",
           "epub_file": null
           },
           {
           "author": "Jennie Howe; Liam Phelan",
           "book_title": "Windows 7 Install to Secure",
           "book_description": "Windows 7 _ Install to Secure _ was written for the average person. Easy to understand with step by step instructions on how to install and keep secure the operating system Windows 7.",
           "book_image": "Windows 7 Install to Secure_page1.jpeg",
           "pdf_file": "Windows 7 Install to Secure.pdf",
           "epub_file": null
           },
           {
           "author": "Dr Eduardo Gelbstein",
           "book_title": "Good Digital Hygiene",
           "book_description": "The growth in the adoption of electronic devices is creating an environment where some measures of digital hygiene are needed to protect the devices and the data they contain.",
           "book_image": "Good Digital Hygiene_page1.jpeg",
           "pdf_file": "Good Digital Hygiene.pdf",
           "epub_file": null
           },
           {
           "author": "Mark Wood",
           "book_title": "iWork - Numbers",
           "book_description": "We all need to use productivity software for word processing, to reconcile budgets, or to make presentations.",
           "book_image": "iWork - Numbers_page1.jpeg",
           "pdf_file": "iWork - Numbers.pdf",
           "epub_file": null
           },
           {
           "author": "C. J. Date",
           "book_title": "Go Faster!",
           "book_description": "Use Go Faster! The TransRelational_ Approach to DBMS Implementation to Improve the Performance of Your Database.",
           "book_image": "Go Faster!_page1.jpeg",
           "pdf_file": "Go Faster!.pdf",
           "epub_file": null
           },
           {
           "author": "Udo Richard Franz Averweg",
           "book_title": "Decision-making support systems: Theory & practice",
           "book_description": "This collection of work flows from author Udo Richard Averweg_s curiosity and long experience in the Information Systems (IS) field of decision-making support systems.",
           "book_image": "Decision-making support systems/ Theory & practice_page1.jpeg",
           "pdf_file": "Decision-making support systems/ Theory & practice.pdf",
           "epub_file": null
           },
           {
           "author": "David Etheridge",
           "book_title": "Java: The Fundamentals of Objects and Classes",
           "book_description": "The three books in the Java series aim to give the learner a deep understanding of the Standard Edition (SE) Application Programming Interface (API) of the Java programming language.",
           "book_image": "Java/ The Fundamentals of Objects and Classes_page1.jpeg",
           "pdf_file": "Java/ The Fundamentals of Objects and Classes.pdf",
           "epub_file": null
           },
           {
           "author": "Ni‰l J le Roux; Sugnet Lubbe",
           "book_title": "A Step-by-Step R Tutorial",
           "book_description": "A Step-by- Step Tutorial in R has a two-fold aim: to learn the basics of R and to acquire basic skills for programming efficiently in R.",
           "book_image": "A Step-by-Step R Tutorial_page1.jpeg",
           "pdf_file": "A Step-by-Step R Tutorial.pdf",
           "epub_file": null
           },
           {
           "author": "Petter Gottschalk",
           "book_title": "Policing Cyber Crime",
           "book_description": "Computer crime is an overwhelming problem worldwide.",
           "book_image": "Policing Cyber Crime_page1.jpeg",
           "pdf_file": "Policing Cyber Crime.pdf",
           "epub_file": null
           },
           {
           "author": "Hugh Darwen; RWE",
           "book_title": "SQL: A Comparative Survey",
           "book_description": "SQL: A Comparative Survey is a companion to Hugh Darwen_s An Introduction to Relational Database Theory, best studied in parallel with that text.",
           "book_image": "SQL/ A Comparative Survey_page1.jpeg",
           "pdf_file": "SQL/ A Comparative Survey.pdf",
           "epub_file": null
           },
           {
           "author": "Ramaswamy Palaniappan",
           "book_title": "Digital Systems Design",
           "book_description": "Digital technology has become so widespread that it encompasses nearly all aspects of our everyday lives and we can see its use in handheld gadgets, computers, robotics etc.",
           "book_image": "Digital Systems Design_page1.jpeg",
           "pdf_file": "Digital Systems Design.pdf",
           "epub_file": null
           },
           {
           "author": "Huiyu Zhou; Jiahua Wu; Jianguo Zhang",
           "book_title": "Digital Image Processing: Part II",
           "book_description": "This book (vol.1 and vol.2) introduces the fundamental theories of modern digital image processing including intensity transformations, filtering in the frequency...",
           "book_image": "Digital Image Processing/ Part II_page1.jpeg",
           "pdf_file": "Digital Image Processing/ Part II.pdf",
           "epub_file": null
           },
           {
           "author": "Paul P. Debono",
           "book_title": "PaulOS: Part II",
           "book_description": "This text book is intended for under-graduate Engineering and/or IT students studying micro-controllers and embedded systems. It covers mainly the 8051 family of micro-controllers_",
           "book_image": "PaulOS/ Part II_page1.jpeg",
           "pdf_file": "PaulOS/ Part II.pdf",
           "epub_file": null
           },
           {
           "author": "Jonathan Weir; WeiQi Yan",
           "book_title": "Fundamentals of Media Security",
           "book_description": "This introductory text covers media security, starting off by highlighting various types of objective and subjective assessment criteria used to evaluate various multimedia types.",
           "book_image": "Fundamentals of Media Security_page1.jpeg",
           "pdf_file": "Fundamentals of Media Security.pdf",
           "epub_file": null
           },
           {
           "author": "Chaminda Hewage",
           "book_title": "3D Video Processing and Transmission Fundamentals",
           "book_description": "The main topics covered in this book are different 3D-video formats, 3D video capture technologies, 3D video encoding methods and 3D video transmission approaches.",
           "book_image": "3D Video Processing and Transmission Fundamentals_page1.jpeg",
           "pdf_file": "3D Video Processing and Transmission Fundamentals.pdf",
           "epub_file": null
           },
           {
           "author": "Paul P. Debono",
           "book_title": "PaulOS F020: An RTOS for the C8051F020",
           "book_description": "This book covers the Silicon Labs C8051F020 MCU. It explains, with examples the PaulOS_F020 RTOS derived from the self-developed 8051 RTOS described in my 2-part Bookboon book_",
           "book_image": "PaulOS F020/ An RTOS for the C8051F020_page1.jpeg",
           "pdf_file": "PaulOS F020/ An RTOS for the C8051F020.pdf",
           "epub_file": null
           },
           {
           "author": "Jon Kerridge",
           "book_title": "Using Concurrency and Parallelism Effectively _ I",
           "book_description": "The aim of this book is to show both students and practitioners that concurrent and parallel programming does not need to be as hard as it is often portrayed.",
           "book_image": "Using Concurrency and Parallelism Effectively _ I_page1.jpeg",
           "pdf_file": "Using Concurrency and Parallelism Effectively _ I.pdf",
           "epub_file": null
           },
           {
           "author": "Gareth J. Janacek; Mark Lemmon Close",
           "book_title": "Mathematics for Computer Scientists",
           "book_description": "In this book you find the basic mathematics that is needed by computer scientists.",
           "book_image": "Mathematics for Computer Scientists_page1.jpeg",
           "pdf_file": "Mathematics for Computer Scientists.pdf",
           "epub_file": null
           },
           {
           "author": "David Haskins",
           "book_title": "C Programming in Linux",
           "book_description": "Using a series of web development examples, this book 'C Programming in Linux' will give you an interesting glimpse into a powerful lower-level world.",
           "book_image": "C Programming in Linux_page1.jpeg",
           "pdf_file": "C Programming in Linux.pdf",
           "epub_file": null
           },
           {
           "author": "Jonathan Weir; WeiQi Yan",
           "book_title": "Visual Cryptography and Its Applications",
           "book_description": "As technology progresses and as more and more personal data is digitized, there is even more of an emphasis required on data security today than there has ever been.",
           "book_image": "Visual Cryptography and Its Applications_page1.jpeg",
           "pdf_file": "Visual Cryptography and Its Applications.pdf",
           "epub_file": null
           },
           {
           "author": "Karol Kozak",
           "book_title": "Management of large sets of image data",
           "book_description": "This book can help you understand background of digital images including software tools for handling large amount of image data.",
           "book_image": "Management of large sets of image data_page1.jpeg",
           "pdf_file": "Management of large sets of image data.pdf",
           "epub_file": null
           },
           {
           "author": "Einar Krogh",
           "book_title": "An Introduction to Windows Operating System",
           "book_description": "This book is about Windows operating system written for courses in operating systems.",
           "book_image": "An Introduction to Windows Operating System_page1.jpeg",
           "pdf_file": "An Introduction to Windows Operating System.pdf",
           "epub_file": null
           },
           {
           "author": "Yasser Jaffal",
           "book_title": "A Practical Introduction to 3D Game Development",
           "book_description": "This book introduces the reader to the necessary programming skills necessary to develop 2D and 3D computer games.",
           "book_image": "A Practical Introduction to 3D Game Development_page1.jpeg",
           "pdf_file": "A Practical Introduction to 3D Game Development.pdf",
           "epub_file": null
           },
           {
           "author": "David Etheridge",
           "book_title": "Java: Classes in Java Applications",
           "book_description": "The three books in the Java series aim to give the learner a deep understanding of the Standard Edition (SE) Application Programming Interface (API) of the Java programming language.",
           "book_image": "Java/ Classes in Java Applications_page1.jpeg",
           "pdf_file": "Java/ Classes in Java Applications.pdf",
           "epub_file": null
           },
           {
           "author": "Huiyu Zhou; Jiahua Wu; Jianguo Zhang",
           "book_title": "Digital Image Processing: Part I",
           "book_description": "This book (vol.1 and vol.2) introduces the fundamental theories of modern digital image processing including intensity transformations, filtering in the frequency...",
           "book_image": "Digital Image Processing/ Part I_page1.jpeg",
           "pdf_file": "Digital Image Processing/ Part I.pdf",
           "epub_file": null
           },
           {
           "author": "Eva Volna",
           "book_title": "Introduction to Soft Computing",
           "book_description": "Introduction to Soft Computing, which aims to exploit tolerance for imprecision, uncertainty, approximate reasoning and partial truth in order to achieve close resemblance to humanlike_",
           "book_image": "Introduction to Soft Computing_page1.jpeg",
           "pdf_file": "Introduction to Soft Computing.pdf",
           "epub_file": null
           },
           {
           "author": "Editor: Savvas Vassiliadis",
           "book_title": "Electronics and Computing in Textiles",
           "book_description": "Learn about Internet and technology law from a U.S. perspective. Topics include jurisdiction; privacy; copyright and trademark law; trade secrets and patents; free speech and obscenity_",
           "book_image": "Electronics and Computing in Textiles_page1.jpeg",
           "pdf_file": "Electronics and Computing in Textiles.pdf",
           "epub_file": null
           },
           {
           "author": "Jon Kerridge",
           "book_title": "Using Concurrency and Parallelism Effectively _ II",
           "book_description": "In the second part of Using Concurrency and Parallelism Effectively we look at how parallelism can be exploited in a variety of modern computing system environments.",
           "book_image": "Using Concurrency and Parallelism Effectively _ II_page1.jpeg",
           "pdf_file": "Using Concurrency and Parallelism Effectively _ II.pdf",
           "epub_file": null
           },
           {
           "author": "Dr. Brychan Thomas",
           "book_title": "Technology-Based Entrepreneurship",
           "book_description": "This textbook will provide a greater understanding of technology-based entrepreneurship in the emerging knowledge economy.",
           "book_image": "Technology-Based Entrepreneurship_page1.jpeg",
           "pdf_file": "Technology-Based Entrepreneurship.pdf",
           "epub_file": null
           },
           {
           "author": "William John Teahan",
           "book_title": "Artificial Intelligence _ Agents and Environments",
           "book_description": "This book is the first in a series on Artificial Intelligence. It provides an introduction to the topic with an emphasis on the use of agent-oriented design.",
           "book_image": "Artificial Intelligence _ Agents and Environments_page1.jpeg",
           "pdf_file": "Artificial Intelligence _ Agents and Environments.pdf",
           "epub_file": null
           },
           {
           "author": "Stephen Moffat, The Mouse Training Company",
           "book_title": "Excel 2010 Introduction: Part I",
           "book_description": "Excel 2010 is a powerful spreadsheet application that allows users to produce tables containing calculations and graphs.",
           "book_image": "Excel 2010 Introduction/ Part I_page1.jpeg",
           "pdf_file": "Excel 2010 Introduction/ Part I.pdf",
           "epub_file": null
           },
           {
           "author": "Torben Lage Frandsen",
           "book_title": "Microsoft Office Powerpoint",
           "book_description": "This Microsoft Office Powerpoint book is not a point-for-point review of all PowerPoint_s functions.",
           "book_image": "Microsoft Office Powerpoint_page1.jpeg",
           "pdf_file": "Microsoft Office Powerpoint.pdf",
           "epub_file": null
           },
           {
           "author": "Dr. Vladlena Benson; Kate Davis",
           "book_title": "Business Information Management",
           "book_description": "Information management is vital for today_s businesses. It requires significant investment and supports critical business processes.",
           "book_image": "Business Information Management_page1.jpeg",
           "pdf_file": "Business Information Management.pdf",
           "epub_file": null
           },
           {
           "author": "Christopher Fox",
           "book_title": "Concise Notes on Data Structures and Algorithms",
           "book_description": "Concise Notes on Data Structures and Algorithms: Ruby Edition is a text for a standard foundational course in the topic.",
           "book_image": "Concise Notes on Data Structures and Algorithms_page1.jpeg",
           "pdf_file": "Concise Notes on Data Structures and Algorithms.pdf",
           "epub_file": null
           },
           {
           "author": "Karol Kozak",
           "book_title": "Large Scale Data Handling in Biology",
           "book_description": "Data Handling in Biology--the application of computational and analytical methods to biological problems--is a rapidly evolving scientific discipline.",
           "book_image": "Large Scale Data Handling in Biology_page1.jpeg",
           "pdf_file": "Large Scale Data Handling in Biology.pdf",
           "epub_file": null
           },
           {
           "author": "C.T. Draijer; D.J. Schenk",
           "book_title": "Hands-on with SAP ERP and IDES",
           "book_description": "This course offers hands-on knowledge, practices and insight into most important logistic, financial and HRM processes and the integration of business processes.",
           "book_image": "Hands-on with SAP ERP and IDES_page1.jpeg",
           "pdf_file": "Hands-on with SAP ERP and IDES.pdf",
           "epub_file": null
           },
           {
           "author": "Elizabeth Hardcastle",
           "book_title": "Business Information Systems",
           "book_description": "This textbook provides an overview of business information systems and provides definitions for the different systems used in companies.",
           "book_image": "Business Information Management/ Exercises_page1.jpeg",
           "pdf_file": "Business Information Management/ Exercises.pdf",
           "epub_file": null
           },
           {
           "author": "Paul P. Debono",
           "book_title": "PaulOS: Part I",
           "book_description": "This text book is intended for under-graduate Engineering and/or IT students studying micro-controllers and embedded systems. It covers mainly the 8051 family of micro-controllers_",
           "book_image": "PaulOS/ Part I_page1.jpeg",
           "pdf_file": "PaulOS/ Part I.pdf",
           "epub_file": null
           },
           {
           "author": "Dr. Vladlena Benson; Kate Davis",
           "book_title": "Business Information Management: Exercises",
           "book_description": "This is the exercise book for Business Information Management.",
           "book_image": "",
           "pdf_file": "",
           "epub_file": null
           },
           {
           "author": "Dr David Ellis; Dr Paul Otterson",
           "book_title": "Professional Audio and Video",
           "book_description": "_Professional Audio and Video_ focuses on the technology that underpins audio-visual productions. It is intended for students studying a variety of media subjects at college and_",
           "book_image": "Professional Audio and Video_page1.jpeg",
           "pdf_file": "Professional Audio and Video.pdf",
           "epub_file": null
           },
           {
           "author": "Attila Csenki",
           "book_title": "Applications of Prolog",
           "book_description": "The book refers to three different Prolog source files.",
           "book_image": "Applications of Prolog_page1.jpeg",
           "pdf_file": "Applications of Prolog.pdf",
           "epub_file": null
           },
           {
           "author": "Geoffrey Sampson",
           "book_title": "Perl for Beginners",
           "book_description": "Perl is a popular programming language, often mentioned in job adverts. It is heavily used for system admin, and for Web development.",
           "book_image": "Perl for Beginners_page1.jpeg",
           "pdf_file": "Perl for Beginners.pdf",
           "epub_file": null
           },
           {
           "author": "Howard Gould",
           "book_title": "Database Design and Implementation",
           "book_description": "This book explains the essential relational database design modelling techniques and shows how SQL can be used to implement a database. There are numerous practical exercises with_",
           "book_image": "Database Design and Implementation_page1.jpeg",
           "pdf_file": "Database Design and Implementation.pdf",
           "epub_file": null
           },
           {
           "author": "Poul Klausen",
           "book_title": "C# 1",
           "book_description": "The book is a practical basic introduction to programming and C# that introduces basic principles of object-oriented programming.",
           "book_image": "C# 1_page1.jpeg",
           "pdf_file": "C# 1.pdf",
           "epub_file": null
           },
           {
           "author": "Yusuf Arayici",
           "book_title": "Building Information Modeling",
           "book_description": "BIM is often misinterpreted as REVIT as it is introduced as BIM by vendors. The e-book gives a thorough view of BIM including technology, process and people aspects through a lifecycle_",
           "book_image": "Building Information Modeling_page1.jpeg",
           "pdf_file": "Building Information Modeling.pdf",
           "epub_file": null
           },
           {
           "author": "Dhana Nandini",
           "book_title": "Semantic Web And Ontology",
           "book_description": "This book is intended for undergraduate engineering students who are interested in exploring the technology of Semantic web.",
           "book_image": "Semantic Web And Ontology_page1.jpeg",
           "pdf_file": "Semantic Web And Ontology.pdf",
           "epub_file": null
           },
           {
           "author": "Attila Csenki",
           "book_title": "Prolog Techniques",
           "book_description": "The book Prolog Techniques is the first of two volumes by the author on the programming language Prolog and its applications; the second, forthcoming, textbook is entitled Applications_",
           "book_image": "Prolog Techniques_page1.jpeg",
           "pdf_file": "Prolog Techniques.pdf",
           "epub_file": null
           },
           {
           "author": "Stephen Moffat, The Mouse Training Company",
           "book_title": "Access 2010: Part I",
           "book_description": "Access 2010 is a powerful Database application that allows users to produce tables, forms, queries and reports within a database it can also contain calculations, graphs, pictures and files.",
           "book_image": "Access 2010/ Part I_page1.jpeg",
           "pdf_file": "Access 2010/ Part I.pdf",
           "epub_file": null
           },
           {
           "author": "Hossein Hassani",
           "book_title": "Understanding XML: A Software Development Approach",
           "book_description": "This book aims to introduce XML with example. Through its tip boxes it lets the readers to focus on the main points of the technology.",
           "book_image": "Understanding XML/ A Software Development Approach_page1.jpeg",
           "pdf_file": "Understanding XML/ A Software Development Approach.pdf",
           "epub_file": null
           },
           {
           "author": "Roger McHaney",
           "book_title": "Understanding Computer Simulation",
           "book_description": "This book describes computer simulation concepts then provides basic details about using discrete-event computer simulation for decision making.",
           "book_image": "Understanding Computer Simulation_page1.jpeg",
           "pdf_file": "Understanding Computer Simulation.pdf",
           "epub_file": null
           },
           {
           "author": "Martin Ktz",
           "book_title": "Introduction to E-Commerce",
           "book_description": "From technologies to processes, from B2C to B2B, from payment to security, the book investigates E-Commerce integratedly _ for readers with an economic as well as with a_",
           "book_image": "Introduction to E-Commerce_page1.jpeg",
           "pdf_file": "Introduction to E-Commerce.pdf",
           "epub_file": null
           },
           {
           "author": "Jonathan Weir; WeiQi Yan",
           "book_title": "Visual Event Computing",
           "book_description": "In this book, the focus is on visual event computing. The events come from video and images. An introduction is presented on what and event is, then an introduction is presented on detecting event from videos and images. Furthermore, event search, retrieval, mining, and reasoning is examined and discussed. As an example, how to use visual event computing in surveillance environment is proposed. The related software system is also presented. An event in the general sense is defined as something that happens at a given place and time. The basic characteristics of an event to be considered in the sense of human centric computing systems are it ID, time, location and description, Events that take place at different times or positions are considered to be different events. People experience events associated with media either as a combination, e.g. video and audio or individually. With the advent of new types of media, and the increasing diversity of media for capturing events, event-computing has emerged as new research area. Previously, most work focused on event detection; however, recent work has started to address other functionalities such as storage, reasoning, interaction and exploration. Consequently, new disciplines, such as data mining, have had to be embraced. The definition of an event in terms of visual computing is something that still had to embrace. The definition of an event in terms of visual computing is something that still has to be formally defined, throughout this book, a discussion is presented on the definition of an event in the hope of giving the reader a clear sense of what an event is seen as, even though this concept is still under discussion within visual computing.",
           "book_image": "Visual Event Computing_page1.jpeg",
           "pdf_file": "Visual Event Computing.pdf",
           "epub_file": null
           },
           {
           "author": "David Etheridge",
           "book_title": "Java: Graphical User Interfaces",
           "book_description": "The three books in the Java series aim to give the learner a deep understanding of the Standard Edition (SE) Application Programming Interface (API) of the Java programming language.",
           "book_image": "Java/ Graphical User Interfaces_page1.jpeg",
           "pdf_file": "Java/ Graphical User Interfaces.pdf",
           "epub_file": null
           },
           {
           "author": "Hugh Darwen",
           "book_title": "An Introduction to Relational Database Theory",
           "book_description": "This book introduces you to the theory of relational databases, focusing on the application of that theory to the design of computer languages that properly embrace it.",
           "book_image": "Exercises on Relational Database Theory_page1.jpeg",
           "pdf_file": "Exercises on Relational Database Theory.pdf",
           "epub_file": null
           },
           {
           "author": "Kjell B„ckman",
           "book_title": "Structured Programming with C++ is intended as course material for the course Structured Programming with C/C++ at university level.",
           "book_description": "",
           "book_image": "Structured Programming with C++_page1.jpeg",
           "pdf_file": "Structured Programming with C++.pdf",
           "epub_file": null
           },
           {
           "author": "Kiet T. Tran, PhD",
           "book_title": "Introduction to Web Services with Java",
           "book_description": "This book leads you through a journey of developing your first web service application to more complex multitier enterprise application.",
           "book_image": "Introduction to Web Services with Java_page1.jpeg",
           "pdf_file": "Introduction to Web Services with Java.pdf",
           "epub_file": null
           },
           {
           "author": "Dr. Julie Reinhart; Dr. Renee Robinson",
           "book_title": "Digital Thinking and Mobile Teaching",
           "book_description": "This book includes case study examples from elementary, secondary and post secondary settings to assist readers in applying the book_s concepts in a concrete fashion.",
           "book_image": "Digital Thinking and Mobile Teaching_page1.jpeg",
           "pdf_file": "Digital Thinking and Mobile Teaching.pdf",
           "epub_file": null
           },
           {
           "author": "Prof. dr. Lineke Sneller RC",
           "book_title": "A Guide to ERP",
           "book_description": "In this book, the benefits of ERP are explained, and guidance is given for ERP implementations.",
           "book_image": "A Guide to ERP_page1.jpeg",
           "pdf_file": "A Guide to ERP.pdf",
           "epub_file": null
           },
           {
           "author": "Simon Kendal",
           "book_title": "Object Oriented Programming using C#",
           "book_description": "This book will explain the Object Oriented approach to programming and through the use of small exercises, for which feedback is provided, develop some practical skills as well.",
           "book_image": "Object Oriented Programming using C#_page1.jpeg",
           "pdf_file": "Object Oriented Programming using C#.pdf",
           "epub_file": null
           },
           {
           "author": "Stephen Moffat, The Mouse Training Company",
           "book_title": "Word 2010 Advanced: Part I",
           "book_description": "Word 2010 is a powerful word processing application that allows users to produce typed documents.",
           "book_image": "Word 2010 Advanced/ Part I_page1.jpeg",
           "pdf_file": "Word 2010 Advanced/ Part I.pdf",
           "epub_file": null
           },
           {
           "author": "FreeÿPDFÿEnglishÿPages 216",
           "book_title": "Object Oriented Programming using Java",
           "book_description": "This book will explain the Object Oriented approach to programming and through the use of small exercises, for which feedback is provided, develop some practical skills as well.",
           "book_image": "Object Oriented Programming using Java_page1.jpeg",
           "pdf_file": "Object Oriented Programming using Java.pdf",
           "epub_file": null
           },
           {
           "author": "Krister Ahlersten",
           "book_title": "An Introduction to Matlab",
           "book_description": "Matlab is one of the most popular programs for quantitative analysis. This book introduces you to the basics of Matlab without requiring any previous experience of programming.",
           "book_image": "An Introduction to Matlab_page1.jpeg",
           "pdf_file": "An Introduction to Matlab.pdf",
           "epub_file": null
           },
           {
           "author": "Weiji Wang",
           "book_title": "Introduction to Digital Signal and System Analysis",
           "book_description": "As marching into the digital era, many people in different sectors are quite keen to understand why this has happened.",
           "book_image": "Introduction to Digital Signal and System Analysis_page1.jpeg",
           "pdf_file": "Introduction to Digital Signal and System Analysis.pdf",
           "epub_file": null
           },
           {
           "author": "Jason West",
           "book_title": "I Still Can't speak English",
           "book_description": "Make Your Own Free Social Media English Course and Finally Speak English ... books, listened to lots of audio and still do not feel confident when you speak.",
           "book_image": "i-still-cant-speak-english_page1.jpeg",
           "pdf_file": "i-still-cant-speak-english.pdf",
           "epub_file": null
           }
           ]}
